order,schedule,seed,step,task,accuracy
antidevelopmental,competence,0,0,blimp_fast,49.89
antidevelopmental,competence,0,0,entity_tracking_fast,42.51
antidevelopmental,competence,0,0,ewok_fast,49.36
antidevelopmental,competence,0,0,supplement_fast,49.2
antidevelopmental,competence,0,250,blimp_fast,55.79
antidevelopmental,competence,0,250,entity_tracking_fast,42.21
antidevelopmental,competence,0,250,ewok_fast,51.27
antidevelopmental,competence,0,250,supplement_fast,50.0
antidevelopmental,competence,0,500,blimp_fast,53.67
antidevelopmental,competence,0,500,entity_tracking_fast,43.65
antidevelopmental,competence,0,500,ewok_fast,49.55
antidevelopmental,competence,0,500,supplement_fast,43.6
antidevelopmental,competence,0,750,blimp_fast,53.25
antidevelopmental,competence,0,750,entity_tracking_fast,42.36
antidevelopmental,competence,0,750,ewok_fast,49.73
antidevelopmental,competence,0,750,supplement_fast,46.4
antidevelopmental,competence,0,1000,blimp_fast,52.03
antidevelopmental,competence,0,1000,entity_tracking_fast,44.12
antidevelopmental,competence,0,1000,ewok_fast,49.36
antidevelopmental,competence,0,1000,supplement_fast,46.0
antidevelopmental,competence,0,1250,blimp_fast,53.0
antidevelopmental,competence,0,1250,entity_tracking_fast,42.88
antidevelopmental,competence,0,1250,ewok_fast,49.45
antidevelopmental,competence,0,1250,supplement_fast,45.6
antidevelopmental,competence,0,1500,blimp_fast,52.8
antidevelopmental,competence,0,1500,entity_tracking_fast,43.5
antidevelopmental,competence,0,1500,ewok_fast,49.64
antidevelopmental,competence,0,1500,supplement_fast,48.4
antidevelopmental,competence,0,1750,blimp_fast,52.81
antidevelopmental,competence,0,1750,entity_tracking_fast,42.48
antidevelopmental,competence,0,1750,ewok_fast,51.64
antidevelopmental,competence,0,1750,supplement_fast,47.6
antidevelopmental,competence,0,2000,blimp_fast,52.91
antidevelopmental,competence,0,2000,entity_tracking_fast,30.17
antidevelopmental,competence,0,2000,ewok_fast,50.55
antidevelopmental,competence,0,2000,supplement_fast,48.4
antidevelopmental,competence,0,2250,blimp_fast,52.22
antidevelopmental,competence,0,2250,entity_tracking_fast,36.5
antidevelopmental,competence,0,2250,ewok_fast,50.0
antidevelopmental,competence,0,2250,supplement_fast,44.8
antidevelopmental,competence,0,2500,blimp_fast,51.3
antidevelopmental,competence,0,2500,entity_tracking_fast,38.96
antidevelopmental,competence,0,2500,ewok_fast,51.27
antidevelopmental,competence,0,2500,supplement_fast,46.4
antidevelopmental,competence,0,2750,blimp_fast,51.55
antidevelopmental,competence,0,2750,entity_tracking_fast,41.67
antidevelopmental,competence,0,2750,ewok_fast,49.73
antidevelopmental,competence,0,2750,supplement_fast,46.0
antidevelopmental,competence,0,3000,blimp_fast,51.46
antidevelopmental,competence,0,3000,entity_tracking_fast,38.57
antidevelopmental,competence,0,3000,ewok_fast,49.73
antidevelopmental,competence,0,3000,supplement_fast,46.4
antidevelopmental,competence,1,0,blimp_fast,50.07
antidevelopmental,competence,1,0,entity_tracking_fast,42.87
antidevelopmental,competence,1,0,ewok_fast,50.91
antidevelopmental,competence,1,0,supplement_fast,47.2
antidevelopmental,competence,1,250,blimp_fast,54.77
antidevelopmental,competence,1,250,entity_tracking_fast,27.28
antidevelopmental,competence,1,250,ewok_fast,50.18
antidevelopmental,competence,1,250,supplement_fast,49.2
antidevelopmental,competence,1,500,blimp_fast,53.39
antidevelopmental,competence,1,500,entity_tracking_fast,38.78
antidevelopmental,competence,1,500,ewok_fast,51.0
antidevelopmental,competence,1,500,supplement_fast,48.8
antidevelopmental,competence,1,750,blimp_fast,54.85
antidevelopmental,competence,1,750,entity_tracking_fast,21.79
antidevelopmental,competence,1,750,ewok_fast,51.27
antidevelopmental,competence,1,750,supplement_fast,44.4
antidevelopmental,competence,1,1000,blimp_fast,52.48
antidevelopmental,competence,1,1000,entity_tracking_fast,37.43
antidevelopmental,competence,1,1000,ewok_fast,50.55
antidevelopmental,competence,1,1000,supplement_fast,44.4
antidevelopmental,competence,1,1250,blimp_fast,52.78
antidevelopmental,competence,1,1250,entity_tracking_fast,42.65
antidevelopmental,competence,1,1250,ewok_fast,47.55
antidevelopmental,competence,1,1250,supplement_fast,45.6
antidevelopmental,competence,1,1500,blimp_fast,52.84
antidevelopmental,competence,1,1500,entity_tracking_fast,26.65
antidevelopmental,competence,1,1500,ewok_fast,49.64
antidevelopmental,competence,1,1500,supplement_fast,50.8
antidevelopmental,competence,1,1750,blimp_fast,53.13
antidevelopmental,competence,1,1750,entity_tracking_fast,39.05
antidevelopmental,competence,1,1750,ewok_fast,49.18
antidevelopmental,competence,1,1750,supplement_fast,50.4
antidevelopmental,competence,1,2000,blimp_fast,53.3
antidevelopmental,competence,1,2000,entity_tracking_fast,21.97
antidevelopmental,competence,1,2000,ewok_fast,47.73
antidevelopmental,competence,1,2000,supplement_fast,44.8
antidevelopmental,competence,1,2250,blimp_fast,52.66
antidevelopmental,competence,1,2250,entity_tracking_fast,39.86
antidevelopmental,competence,1,2250,ewok_fast,48.73
antidevelopmental,competence,1,2250,supplement_fast,44.0
antidevelopmental,competence,1,2500,blimp_fast,50.76
antidevelopmental,competence,1,2500,entity_tracking_fast,16.35
antidevelopmental,competence,1,2500,ewok_fast,48.45
antidevelopmental,competence,1,2500,supplement_fast,43.6
antidevelopmental,competence,1,2750,blimp_fast,50.69
antidevelopmental,competence,1,2750,entity_tracking_fast,20.34
antidevelopmental,competence,1,2750,ewok_fast,46.64
antidevelopmental,competence,1,2750,supplement_fast,44.4
antidevelopmental,competence,1,3000,blimp_fast,51.34
antidevelopmental,competence,1,3000,entity_tracking_fast,28.76
antidevelopmental,competence,1,3000,ewok_fast,48.18
antidevelopmental,competence,1,3000,supplement_fast,42.0
antidevelopmental,competence,2,0,blimp_fast,50.71
antidevelopmental,competence,2,0,entity_tracking_fast,42.15
antidevelopmental,competence,2,0,ewok_fast,51.91
antidevelopmental,competence,2,0,supplement_fast,49.2
antidevelopmental,competence,2,250,blimp_fast,55.22
antidevelopmental,competence,2,250,entity_tracking_fast,38.28
antidevelopmental,competence,2,250,ewok_fast,47.18
antidevelopmental,competence,2,250,supplement_fast,46.8
antidevelopmental,competence,2,500,blimp_fast,52.86
antidevelopmental,competence,2,500,entity_tracking_fast,20.02
antidevelopmental,competence,2,500,ewok_fast,52.09
antidevelopmental,competence,2,500,supplement_fast,52.4
antidevelopmental,competence,2,750,blimp_fast,55.43
antidevelopmental,competence,2,750,entity_tracking_fast,42.6
antidevelopmental,competence,2,750,ewok_fast,48.73
antidevelopmental,competence,2,750,supplement_fast,49.2
antidevelopmental,competence,2,1000,blimp_fast,54.76
antidevelopmental,competence,2,1000,entity_tracking_fast,29.82
antidevelopmental,competence,2,1000,ewok_fast,50.0
antidevelopmental,competence,2,1000,supplement_fast,52.4
antidevelopmental,competence,2,1250,blimp_fast,55.0
antidevelopmental,competence,2,1250,entity_tracking_fast,39.76
antidevelopmental,competence,2,1250,ewok_fast,49.55
antidevelopmental,competence,2,1250,supplement_fast,43.6
antidevelopmental,competence,2,1500,blimp_fast,54.4
antidevelopmental,competence,2,1500,entity_tracking_fast,32.67
antidevelopmental,competence,2,1500,ewok_fast,49.36
antidevelopmental,competence,2,1500,supplement_fast,46.8
antidevelopmental,competence,2,1750,blimp_fast,53.05
antidevelopmental,competence,2,1750,entity_tracking_fast,13.7
antidevelopmental,competence,2,1750,ewok_fast,50.55
antidevelopmental,competence,2,1750,supplement_fast,46.8
antidevelopmental,competence,2,2000,blimp_fast,55.31
antidevelopmental,competence,2,2000,entity_tracking_fast,31.16
antidevelopmental,competence,2,2000,ewok_fast,52.0
antidevelopmental,competence,2,2000,supplement_fast,44.0
antidevelopmental,competence,2,2250,blimp_fast,53.53
antidevelopmental,competence,2,2250,entity_tracking_fast,38.07
antidevelopmental,competence,2,2250,ewok_fast,50.73
antidevelopmental,competence,2,2250,supplement_fast,46.0
antidevelopmental,competence,2,2500,blimp_fast,53.52
antidevelopmental,competence,2,2500,entity_tracking_fast,41.02
antidevelopmental,competence,2,2500,ewok_fast,51.27
antidevelopmental,competence,2,2500,supplement_fast,47.2
antidevelopmental,competence,2,2750,blimp_fast,52.85
antidevelopmental,competence,2,2750,entity_tracking_fast,35.55
antidevelopmental,competence,2,2750,ewok_fast,51.73
antidevelopmental,competence,2,2750,supplement_fast,47.6
antidevelopmental,competence,2,3000,blimp_fast,53.42
antidevelopmental,competence,2,3000,entity_tracking_fast,25.56
antidevelopmental,competence,2,3000,ewok_fast,50.55
antidevelopmental,competence,2,3000,supplement_fast,50.0
antidevelopmental,staged,0,0,blimp_fast,49.9
antidevelopmental,staged,0,0,entity_tracking_fast,42.51
antidevelopmental,staged,0,0,ewok_fast,49.36
antidevelopmental,staged,0,0,supplement_fast,49.2
antidevelopmental,staged,0,250,blimp_fast,56.16
antidevelopmental,staged,0,250,entity_tracking_fast,36.61
antidevelopmental,staged,0,250,ewok_fast,48.91
antidevelopmental,staged,0,250,supplement_fast,50.0
antidevelopmental,staged,0,500,blimp_fast,53.41
antidevelopmental,staged,0,500,entity_tracking_fast,42.57
antidevelopmental,staged,0,500,ewok_fast,52.27
antidevelopmental,staged,0,500,supplement_fast,46.8
antidevelopmental,staged,0,750,blimp_fast,52.43
antidevelopmental,staged,0,750,entity_tracking_fast,41.89
antidevelopmental,staged,0,750,ewok_fast,48.09
antidevelopmental,staged,0,750,supplement_fast,46.4
antidevelopmental,staged,0,1000,blimp_fast,52.84
antidevelopmental,staged,0,1000,entity_tracking_fast,29.3
antidevelopmental,staged,0,1000,ewok_fast,49.73
antidevelopmental,staged,0,1000,supplement_fast,42.4
antidevelopmental,staged,0,1250,blimp_fast,52.29
antidevelopmental,staged,0,1250,entity_tracking_fast,41.91
antidevelopmental,staged,0,1250,ewok_fast,50.36
antidevelopmental,staged,0,1250,supplement_fast,45.2
antidevelopmental,staged,0,1500,blimp_fast,53.38
antidevelopmental,staged,0,1500,entity_tracking_fast,18.5
antidevelopmental,staged,0,1500,ewok_fast,50.27
antidevelopmental,staged,0,1500,supplement_fast,47.2
antidevelopmental,staged,0,1750,blimp_fast,50.82
antidevelopmental,staged,0,1750,entity_tracking_fast,19.02
antidevelopmental,staged,0,1750,ewok_fast,46.64
antidevelopmental,staged,0,1750,supplement_fast,48.8
antidevelopmental,staged,0,2000,blimp_fast,52.76
antidevelopmental,staged,0,2000,entity_tracking_fast,30.58
antidevelopmental,staged,0,2000,ewok_fast,50.45
antidevelopmental,staged,0,2000,supplement_fast,46.4
antidevelopmental,staged,0,2250,blimp_fast,53.05
antidevelopmental,staged,0,2250,entity_tracking_fast,36.74
antidevelopmental,staged,0,2250,ewok_fast,49.09
antidevelopmental,staged,0,2250,supplement_fast,44.4
antidevelopmental,staged,0,2500,blimp_fast,53.49
antidevelopmental,staged,0,2500,entity_tracking_fast,20.07
antidevelopmental,staged,0,2500,ewok_fast,49.18
antidevelopmental,staged,0,2500,supplement_fast,45.6
antidevelopmental,staged,1,0,blimp_fast,50.08
antidevelopmental,staged,1,0,entity_tracking_fast,42.9
antidevelopmental,staged,1,0,ewok_fast,51.0
antidevelopmental,staged,1,0,supplement_fast,47.2
antidevelopmental,staged,1,250,blimp_fast,51.18
antidevelopmental,staged,1,250,entity_tracking_fast,18.69
antidevelopmental,staged,1,250,ewok_fast,50.55
antidevelopmental,staged,1,250,supplement_fast,44.8
antidevelopmental,staged,1,500,blimp_fast,51.72
antidevelopmental,staged,1,500,entity_tracking_fast,17.03
antidevelopmental,staged,1,500,ewok_fast,49.45
antidevelopmental,staged,1,500,supplement_fast,43.6
antidevelopmental,staged,1,750,blimp_fast,53.58
antidevelopmental,staged,1,750,entity_tracking_fast,19.57
antidevelopmental,staged,1,750,ewok_fast,51.45
antidevelopmental,staged,1,750,supplement_fast,45.2
antidevelopmental,staged,1,1000,blimp_fast,52.68
antidevelopmental,staged,1,1000,entity_tracking_fast,20.51
antidevelopmental,staged,1,1000,ewok_fast,52.27
antidevelopmental,staged,1,1000,supplement_fast,46.8
antidevelopmental,staged,1,1250,blimp_fast,53.1
antidevelopmental,staged,1,1250,entity_tracking_fast,34.59
antidevelopmental,staged,1,1250,ewok_fast,50.0
antidevelopmental,staged,1,1250,supplement_fast,47.6
antidevelopmental,staged,1,1500,blimp_fast,52.97
antidevelopmental,staged,1,1500,entity_tracking_fast,23.82
antidevelopmental,staged,1,1500,ewok_fast,50.0
antidevelopmental,staged,1,1500,supplement_fast,48.8
antidevelopmental,staged,1,1750,blimp_fast,52.19
antidevelopmental,staged,1,1750,entity_tracking_fast,27.7
antidevelopmental,staged,1,1750,ewok_fast,51.73
antidevelopmental,staged,1,1750,supplement_fast,46.0
antidevelopmental,staged,1,2000,blimp_fast,52.11
antidevelopmental,staged,1,2000,entity_tracking_fast,35.25
antidevelopmental,staged,1,2000,ewok_fast,49.36
antidevelopmental,staged,1,2000,supplement_fast,47.2
antidevelopmental,staged,1,2250,blimp_fast,53.24
antidevelopmental,staged,1,2250,entity_tracking_fast,43.28
antidevelopmental,staged,1,2250,ewok_fast,47.73
antidevelopmental,staged,1,2250,supplement_fast,42.8
antidevelopmental,staged,1,2500,blimp_fast,54.03
antidevelopmental,staged,1,2500,entity_tracking_fast,44.26
antidevelopmental,staged,1,2500,ewok_fast,47.73
antidevelopmental,staged,1,2500,supplement_fast,43.6
antidevelopmental,staged,2,0,blimp_fast,50.72
antidevelopmental,staged,2,0,entity_tracking_fast,42.18
antidevelopmental,staged,2,0,ewok_fast,51.91
antidevelopmental,staged,2,0,supplement_fast,49.2
antidevelopmental,staged,2,250,blimp_fast,54.84
antidevelopmental,staged,2,250,entity_tracking_fast,12.52
antidevelopmental,staged,2,250,ewok_fast,52.18
antidevelopmental,staged,2,250,supplement_fast,46.0
antidevelopmental,staged,2,500,blimp_fast,51.78
antidevelopmental,staged,2,500,entity_tracking_fast,27.21
antidevelopmental,staged,2,500,ewok_fast,51.91
antidevelopmental,staged,2,500,supplement_fast,47.2
antidevelopmental,staged,2,750,blimp_fast,56.64
antidevelopmental,staged,2,750,entity_tracking_fast,38.73
antidevelopmental,staged,2,750,ewok_fast,50.82
antidevelopmental,staged,2,750,supplement_fast,44.0
antidevelopmental,staged,2,1000,blimp_fast,54.93
antidevelopmental,staged,2,1000,entity_tracking_fast,16.37
antidevelopmental,staged,2,1000,ewok_fast,50.09
antidevelopmental,staged,2,1000,supplement_fast,48.8
antidevelopmental,staged,2,1250,blimp_fast,54.87
antidevelopmental,staged,2,1250,entity_tracking_fast,13.33
antidevelopmental,staged,2,1250,ewok_fast,52.45
antidevelopmental,staged,2,1250,supplement_fast,48.8
antidevelopmental,staged,2,1500,blimp_fast,56.63
antidevelopmental,staged,2,1500,entity_tracking_fast,14.94
antidevelopmental,staged,2,1500,ewok_fast,50.73
antidevelopmental,staged,2,1500,supplement_fast,44.4
antidevelopmental,staged,2,1750,blimp_fast,56.54
antidevelopmental,staged,2,1750,entity_tracking_fast,19.37
antidevelopmental,staged,2,1750,ewok_fast,50.55
antidevelopmental,staged,2,1750,supplement_fast,46.0
antidevelopmental,staged,2,2000,blimp_fast,54.58
antidevelopmental,staged,2,2000,entity_tracking_fast,17.63
antidevelopmental,staged,2,2000,ewok_fast,49.09
antidevelopmental,staged,2,2000,supplement_fast,45.6
antidevelopmental,staged,2,2250,blimp_fast,56.37
antidevelopmental,staged,2,2250,entity_tracking_fast,14.57
antidevelopmental,staged,2,2250,ewok_fast,51.0
antidevelopmental,staged,2,2250,supplement_fast,45.6
antidevelopmental,staged,2,2500,blimp_fast,56.69
antidevelopmental,staged,2,2500,entity_tracking_fast,14.69
antidevelopmental,staged,2,2500,ewok_fast,50.18
antidevelopmental,staged,2,2500,supplement_fast,43.6
developmental,competence,0,0,blimp_fast,49.89
developmental,competence,0,0,entity_tracking_fast,42.51
developmental,competence,0,0,ewok_fast,49.45
developmental,competence,0,0,supplement_fast,49.2
developmental,competence,0,250,blimp_fast,50.66
developmental,competence,0,250,entity_tracking_fast,41.61
developmental,competence,0,250,ewok_fast,48.36
developmental,competence,0,250,supplement_fast,45.6
developmental,competence,0,500,blimp_fast,53.11
developmental,competence,0,500,entity_tracking_fast,40.9
developmental,competence,0,500,ewok_fast,48.82
developmental,competence,0,500,supplement_fast,50.0
developmental,competence,0,750,blimp_fast,53.99
developmental,competence,0,750,entity_tracking_fast,41.99
developmental,competence,0,750,ewok_fast,50.91
developmental,competence,0,750,supplement_fast,49.6
developmental,competence,0,1000,blimp_fast,50.03
developmental,competence,0,1000,entity_tracking_fast,42.12
developmental,competence,0,1000,ewok_fast,50.18
developmental,competence,0,1000,supplement_fast,47.2
developmental,competence,0,1250,blimp_fast,53.65
developmental,competence,0,1250,entity_tracking_fast,18.35
developmental,competence,0,1250,ewok_fast,48.91
developmental,competence,0,1250,supplement_fast,46.4
developmental,competence,0,1500,blimp_fast,51.93
developmental,competence,0,1500,entity_tracking_fast,20.56
developmental,competence,0,1500,ewok_fast,49.91
developmental,competence,0,1500,supplement_fast,48.4
developmental,competence,0,1750,blimp_fast,53.82
developmental,competence,0,1750,entity_tracking_fast,20.21
developmental,competence,0,1750,ewok_fast,49.09
developmental,competence,0,1750,supplement_fast,52.0
developmental,competence,0,2000,blimp_fast,52.75
developmental,competence,0,2000,entity_tracking_fast,15.58
developmental,competence,0,2000,ewok_fast,48.09
developmental,competence,0,2000,supplement_fast,45.2
developmental,competence,0,2250,blimp_fast,51.6
developmental,competence,0,2250,entity_tracking_fast,16.11
developmental,competence,0,2250,ewok_fast,50.0
developmental,competence,0,2250,supplement_fast,49.6
developmental,competence,1,0,blimp_fast,50.04
developmental,competence,1,0,entity_tracking_fast,42.77
developmental,competence,1,0,ewok_fast,50.91
developmental,competence,1,0,supplement_fast,47.2
developmental,competence,1,250,blimp_fast,53.48
developmental,competence,1,250,entity_tracking_fast,43.18
developmental,competence,1,250,ewok_fast,47.0
developmental,competence,1,250,supplement_fast,46.8
developmental,competence,1,500,blimp_fast,52.2
developmental,competence,1,500,entity_tracking_fast,42.46
developmental,competence,1,500,ewok_fast,50.73
developmental,competence,1,500,supplement_fast,49.6
developmental,competence,1,750,blimp_fast,52.42
developmental,competence,1,750,entity_tracking_fast,43.16
developmental,competence,1,750,ewok_fast,49.91
developmental,competence,1,750,supplement_fast,45.2
developmental,competence,1,1000,blimp_fast,54.48
developmental,competence,1,1000,entity_tracking_fast,42.97
developmental,competence,1,1000,ewok_fast,49.64
developmental,competence,1,1000,supplement_fast,50.8
developmental,competence,1,1250,blimp_fast,53.43
developmental,competence,1,1250,entity_tracking_fast,42.65
developmental,competence,1,1250,ewok_fast,50.91
developmental,competence,1,1250,supplement_fast,52.4
developmental,competence,1,1500,blimp_fast,52.31
developmental,competence,1,1500,entity_tracking_fast,42.74
developmental,competence,1,1500,ewok_fast,51.45
developmental,competence,1,1500,supplement_fast,48.0
developmental,competence,1,1750,blimp_fast,54.4
developmental,competence,1,1750,entity_tracking_fast,43.57
developmental,competence,1,1750,ewok_fast,51.27
developmental,competence,1,1750,supplement_fast,49.6
developmental,competence,1,2000,blimp_fast,53.8
developmental,competence,1,2000,entity_tracking_fast,44.19
developmental,competence,1,2000,ewok_fast,50.45
developmental,competence,1,2000,supplement_fast,50.0
developmental,competence,1,2250,blimp_fast,53.46
developmental,competence,1,2250,entity_tracking_fast,43.08
developmental,competence,1,2250,ewok_fast,50.82
developmental,competence,1,2250,supplement_fast,46.8
developmental,competence,2,0,blimp_fast,50.72
developmental,competence,2,0,entity_tracking_fast,42.09
developmental,competence,2,0,ewok_fast,51.73
developmental,competence,2,0,supplement_fast,49.2
developmental,competence,2,250,blimp_fast,52.69
developmental,competence,2,250,entity_tracking_fast,32.89
developmental,competence,2,250,ewok_fast,51.55
developmental,competence,2,250,supplement_fast,46.4
developmental,competence,2,500,blimp_fast,56.05
developmental,competence,2,500,entity_tracking_fast,36.72
developmental,competence,2,500,ewok_fast,47.45
developmental,competence,2,500,supplement_fast,44.8
developmental,competence,2,750,blimp_fast,53.57
developmental,competence,2,750,entity_tracking_fast,42.02
developmental,competence,2,750,ewok_fast,50.0
developmental,competence,2,750,supplement_fast,48.8
developmental,competence,2,1000,blimp_fast,56.26
developmental,competence,2,1000,entity_tracking_fast,11.28
developmental,competence,2,1000,ewok_fast,49.18
developmental,competence,2,1000,supplement_fast,47.2
developmental,competence,2,1250,blimp_fast,56.05
developmental,competence,2,1250,entity_tracking_fast,17.73
developmental,competence,2,1250,ewok_fast,47.55
developmental,competence,2,1250,supplement_fast,48.0
developmental,competence,2,1500,blimp_fast,55.93
developmental,competence,2,1500,entity_tracking_fast,23.58
developmental,competence,2,1500,ewok_fast,48.73
developmental,competence,2,1500,supplement_fast,52.4
developmental,competence,2,1750,blimp_fast,55.49
developmental,competence,2,1750,entity_tracking_fast,22.77
developmental,competence,2,1750,ewok_fast,49.09
developmental,competence,2,1750,supplement_fast,46.4
developmental,competence,2,2000,blimp_fast,54.75
developmental,competence,2,2000,entity_tracking_fast,29.05
developmental,competence,2,2000,ewok_fast,47.64
developmental,competence,2,2000,supplement_fast,44.0
developmental,competence,2,2250,blimp_fast,55.42
developmental,competence,2,2250,entity_tracking_fast,39.23
developmental,competence,2,2250,ewok_fast,46.27
developmental,competence,2,2250,supplement_fast,47.6
developmental,staged,0,0,blimp_fast,49.91
developmental,staged,0,0,entity_tracking_fast,42.57
developmental,staged,0,0,ewok_fast,49.36
developmental,staged,0,0,supplement_fast,49.2
developmental,staged,0,250,blimp_fast,54.64
developmental,staged,0,250,entity_tracking_fast,40.23
developmental,staged,0,250,ewok_fast,50.82
developmental,staged,0,250,supplement_fast,50.8
developmental,staged,0,500,blimp_fast,51.33
developmental,staged,0,500,entity_tracking_fast,40.32
developmental,staged,0,500,ewok_fast,52.09
developmental,staged,0,500,supplement_fast,48.8
developmental,staged,0,750,blimp_fast,57.3
developmental,staged,0,750,entity_tracking_fast,34.03
developmental,staged,0,750,ewok_fast,50.82
developmental,staged,0,750,supplement_fast,54.4
developmental,staged,0,1000,blimp_fast,53.69
developmental,staged,0,1000,entity_tracking_fast,16.38
developmental,staged,0,1000,ewok_fast,51.0
developmental,staged,0,1000,supplement_fast,51.6
developmental,staged,0,1250,blimp_fast,54.26
developmental,staged,0,1250,entity_tracking_fast,44.16
developmental,staged,0,1250,ewok_fast,51.82
developmental,staged,0,1250,supplement_fast,50.8
developmental,staged,0,1500,blimp_fast,52.5
developmental,staged,0,1500,entity_tracking_fast,40.41
developmental,staged,0,1500,ewok_fast,52.73
developmental,staged,0,1500,supplement_fast,50.0
developmental,staged,0,1750,blimp_fast,52.54
developmental,staged,0,1750,entity_tracking_fast,40.28
developmental,staged,0,1750,ewok_fast,51.45
developmental,staged,0,1750,supplement_fast,50.4
developmental,staged,0,2000,blimp_fast,54.51
developmental,staged,0,2000,entity_tracking_fast,23.53
developmental,staged,0,2000,ewok_fast,51.64
developmental,staged,0,2000,supplement_fast,48.8
developmental,staged,0,2250,blimp_fast,54.64
developmental,staged,0,2250,entity_tracking_fast,43.67
developmental,staged,0,2250,ewok_fast,51.45
developmental,staged,0,2250,supplement_fast,53.6
developmental,staged,0,2500,blimp_fast,54.4
developmental,staged,0,2500,entity_tracking_fast,40.49
developmental,staged,0,2500,ewok_fast,52.45
developmental,staged,0,2500,supplement_fast,48.8
developmental,staged,1,0,blimp_fast,50.03
developmental,staged,1,0,entity_tracking_fast,42.71
developmental,staged,1,0,ewok_fast,51.0
developmental,staged,1,0,supplement_fast,47.2
developmental,staged,1,250,blimp_fast,51.15
developmental,staged,1,250,entity_tracking_fast,42.84
developmental,staged,1,250,ewok_fast,50.09
developmental,staged,1,250,supplement_fast,42.8
developmental,staged,1,500,blimp_fast,52.17
developmental,staged,1,500,entity_tracking_fast,43.54
developmental,staged,1,500,ewok_fast,49.45
developmental,staged,1,500,supplement_fast,45.2
developmental,staged,1,750,blimp_fast,53.81
developmental,staged,1,750,entity_tracking_fast,35.78
developmental,staged,1,750,ewok_fast,53.45
developmental,staged,1,750,supplement_fast,49.6
developmental,staged,1,1000,blimp_fast,51.49
developmental,staged,1,1000,entity_tracking_fast,43.39
developmental,staged,1,1000,ewok_fast,45.91
developmental,staged,1,1000,supplement_fast,46.8
developmental,staged,1,1250,blimp_fast,54.08
developmental,staged,1,1250,entity_tracking_fast,43.59
developmental,staged,1,1250,ewok_fast,51.91
developmental,staged,1,1250,supplement_fast,45.6
developmental,staged,1,1500,blimp_fast,54.96
developmental,staged,1,1500,entity_tracking_fast,41.52
developmental,staged,1,1500,ewok_fast,49.55
developmental,staged,1,1500,supplement_fast,44.0
developmental,staged,1,1750,blimp_fast,53.22
developmental,staged,1,1750,entity_tracking_fast,40.65
developmental,staged,1,1750,ewok_fast,50.82
developmental,staged,1,1750,supplement_fast,48.0
developmental,staged,1,2000,blimp_fast,52.86
developmental,staged,1,2000,entity_tracking_fast,41.62
developmental,staged,1,2000,ewok_fast,50.0
developmental,staged,1,2000,supplement_fast,45.6
developmental,staged,1,2250,blimp_fast,53.35
developmental,staged,1,2250,entity_tracking_fast,40.24
developmental,staged,1,2250,ewok_fast,53.73
developmental,staged,1,2250,supplement_fast,45.6
developmental,staged,1,2500,blimp_fast,53.36
developmental,staged,1,2500,entity_tracking_fast,29.43
developmental,staged,1,2500,ewok_fast,51.82
developmental,staged,1,2500,supplement_fast,44.4
developmental,staged,2,0,blimp_fast,50.71
developmental,staged,2,0,entity_tracking_fast,42.09
developmental,staged,2,0,ewok_fast,51.82
developmental,staged,2,0,supplement_fast,49.2
developmental,staged,2,250,blimp_fast,54.32
developmental,staged,2,250,entity_tracking_fast,42.4
developmental,staged,2,250,ewok_fast,52.0
developmental,staged,2,250,supplement_fast,46.8
developmental,staged,2,500,blimp_fast,52.61
developmental,staged,2,500,entity_tracking_fast,41.7
developmental,staged,2,500,ewok_fast,54.45
developmental,staged,2,500,supplement_fast,43.2
developmental,staged,2,750,blimp_fast,54.07
developmental,staged,2,750,entity_tracking_fast,14.72
developmental,staged,2,750,ewok_fast,50.45
developmental,staged,2,750,supplement_fast,49.2
developmental,staged,2,1000,blimp_fast,51.82
developmental,staged,2,1000,entity_tracking_fast,14.76
developmental,staged,2,1000,ewok_fast,51.45
developmental,staged,2,1000,supplement_fast,49.6
developmental,staged,2,1250,blimp_fast,55.66
developmental,staged,2,1250,entity_tracking_fast,19.34
developmental,staged,2,1250,ewok_fast,50.73
developmental,staged,2,1250,supplement_fast,49.6
developmental,staged,2,1500,blimp_fast,53.45
developmental,staged,2,1500,entity_tracking_fast,13.3
developmental,staged,2,1500,ewok_fast,51.09
developmental,staged,2,1500,supplement_fast,48.4
developmental,staged,2,1750,blimp_fast,54.79
developmental,staged,2,1750,entity_tracking_fast,14.54
developmental,staged,2,1750,ewok_fast,52.55
developmental,staged,2,1750,supplement_fast,50.0
developmental,staged,2,2000,blimp_fast,54.22
developmental,staged,2,2000,entity_tracking_fast,14.26
developmental,staged,2,2000,ewok_fast,51.55
developmental,staged,2,2000,supplement_fast,46.0
developmental,staged,2,2250,blimp_fast,54.96
developmental,staged,2,2250,entity_tracking_fast,13.56
developmental,staged,2,2250,ewok_fast,50.45
developmental,staged,2,2250,supplement_fast,45.6
developmental,staged,2,2500,blimp_fast,54.21
developmental,staged,2,2500,entity_tracking_fast,13.83
developmental,staged,2,2500,ewok_fast,51.73
developmental,staged,2,2500,supplement_fast,46.0
perplexity,competence,0,0,blimp_fast,49.96
perplexity,competence,0,0,entity_tracking_fast,42.54
perplexity,competence,0,0,ewok_fast,49.36
perplexity,competence,0,0,supplement_fast,49.2
perplexity,competence,0,250,blimp_fast,58.66
perplexity,competence,0,250,entity_tracking_fast,41.26
perplexity,competence,0,250,ewok_fast,49.36
perplexity,competence,0,250,supplement_fast,48.8
perplexity,competence,0,500,blimp_fast,55.58
perplexity,competence,0,500,entity_tracking_fast,43.09
perplexity,competence,0,500,ewok_fast,49.09
perplexity,competence,0,500,supplement_fast,52.0
perplexity,competence,0,750,blimp_fast,53.81
perplexity,competence,0,750,entity_tracking_fast,42.89
perplexity,competence,0,750,ewok_fast,48.73
perplexity,competence,0,750,supplement_fast,47.2
perplexity,competence,0,1000,blimp_fast,56.65
perplexity,competence,0,1000,entity_tracking_fast,15.4
perplexity,competence,0,1000,ewok_fast,50.27
perplexity,competence,0,1000,supplement_fast,46.4
perplexity,competence,0,1250,blimp_fast,55.13
perplexity,competence,0,1250,entity_tracking_fast,39.36
perplexity,competence,0,1250,ewok_fast,50.09
perplexity,competence,0,1250,supplement_fast,50.8
perplexity,competence,0,1500,blimp_fast,53.94
perplexity,competence,0,1500,entity_tracking_fast,27.97
perplexity,competence,0,1500,ewok_fast,49.73
perplexity,competence,0,1500,supplement_fast,51.6
perplexity,competence,0,1750,blimp_fast,55.78
perplexity,competence,0,1750,entity_tracking_fast,22.91
perplexity,competence,0,1750,ewok_fast,50.64
perplexity,competence,0,1750,supplement_fast,49.2
perplexity,competence,0,2000,blimp_fast,56.61
perplexity,competence,0,2000,entity_tracking_fast,14.99
perplexity,competence,0,2000,ewok_fast,48.0
perplexity,competence,0,2000,supplement_fast,46.8
perplexity,competence,0,2250,blimp_fast,56.02
perplexity,competence,0,2250,entity_tracking_fast,21.99
perplexity,competence,0,2250,ewok_fast,52.18
perplexity,competence,0,2250,supplement_fast,48.8
perplexity,competence,0,2500,blimp_fast,55.64
perplexity,competence,0,2500,entity_tracking_fast,19.26
perplexity,competence,0,2500,ewok_fast,51.73
perplexity,competence,0,2500,supplement_fast,52.4
perplexity,competence,0,2750,blimp_fast,56.04
perplexity,competence,0,2750,entity_tracking_fast,17.65
perplexity,competence,0,2750,ewok_fast,51.09
perplexity,competence,0,2750,supplement_fast,56.0
perplexity,competence,0,3000,blimp_fast,55.96
perplexity,competence,0,3000,entity_tracking_fast,21.13
perplexity,competence,0,3000,ewok_fast,51.09
perplexity,competence,0,3000,supplement_fast,51.6
perplexity,competence,1,0,blimp_fast,50.06
perplexity,competence,1,0,entity_tracking_fast,42.76
perplexity,competence,1,0,ewok_fast,50.91
perplexity,competence,1,0,supplement_fast,47.2
perplexity,competence,1,250,blimp_fast,50.46
perplexity,competence,1,250,entity_tracking_fast,39.0
perplexity,competence,1,250,ewok_fast,50.18
perplexity,competence,1,250,supplement_fast,49.2
perplexity,competence,1,500,blimp_fast,53.54
perplexity,competence,1,500,entity_tracking_fast,23.2
perplexity,competence,1,500,ewok_fast,52.09
perplexity,competence,1,500,supplement_fast,48.8
perplexity,competence,1,750,blimp_fast,56.25
perplexity,competence,1,750,entity_tracking_fast,24.59
perplexity,competence,1,750,ewok_fast,54.0
perplexity,competence,1,750,supplement_fast,50.0
perplexity,competence,1,1000,blimp_fast,52.99
perplexity,competence,1,1000,entity_tracking_fast,25.21
perplexity,competence,1,1000,ewok_fast,51.27
perplexity,competence,1,1000,supplement_fast,47.6
perplexity,competence,1,1250,blimp_fast,54.64
perplexity,competence,1,1250,entity_tracking_fast,11.84
perplexity,competence,1,1250,ewok_fast,51.91
perplexity,competence,1,1250,supplement_fast,47.2
perplexity,competence,1,1500,blimp_fast,52.14
perplexity,competence,1,1500,entity_tracking_fast,30.84
perplexity,competence,1,1500,ewok_fast,52.09
perplexity,competence,1,1500,supplement_fast,48.8
perplexity,competence,1,1750,blimp_fast,55.3
perplexity,competence,1,1750,entity_tracking_fast,22.93
perplexity,competence,1,1750,ewok_fast,53.09
perplexity,competence,1,1750,supplement_fast,46.4
perplexity,competence,1,2000,blimp_fast,53.84
perplexity,competence,1,2000,entity_tracking_fast,16.4
perplexity,competence,1,2000,ewok_fast,53.27
perplexity,competence,1,2000,supplement_fast,52.0
perplexity,competence,1,2250,blimp_fast,53.68
perplexity,competence,1,2250,entity_tracking_fast,17.15
perplexity,competence,1,2250,ewok_fast,50.09
perplexity,competence,1,2250,supplement_fast,52.4
perplexity,competence,1,2500,blimp_fast,53.96
perplexity,competence,1,2500,entity_tracking_fast,23.82
perplexity,competence,1,2500,ewok_fast,53.09
perplexity,competence,1,2500,supplement_fast,46.8
perplexity,competence,1,2750,blimp_fast,53.72
perplexity,competence,1,2750,entity_tracking_fast,17.47
perplexity,competence,1,2750,ewok_fast,52.82
perplexity,competence,1,2750,supplement_fast,49.6
perplexity,competence,1,3000,blimp_fast,54.02
perplexity,competence,1,3000,entity_tracking_fast,25.85
perplexity,competence,1,3000,ewok_fast,52.55
perplexity,competence,1,3000,supplement_fast,48.4
perplexity,competence,2,0,blimp_fast,50.73
perplexity,competence,2,0,entity_tracking_fast,42.09
perplexity,competence,2,0,ewok_fast,51.91
perplexity,competence,2,0,supplement_fast,49.2
perplexity,competence,2,250,blimp_fast,54.58
perplexity,competence,2,250,entity_tracking_fast,41.48
perplexity,competence,2,250,ewok_fast,50.36
perplexity,competence,2,250,supplement_fast,48.8
perplexity,competence,2,500,blimp_fast,55.3
perplexity,competence,2,500,entity_tracking_fast,21.77
perplexity,competence,2,500,ewok_fast,52.0
perplexity,competence,2,500,supplement_fast,46.0
perplexity,competence,2,750,blimp_fast,53.54
perplexity,competence,2,750,entity_tracking_fast,39.84
perplexity,competence,2,750,ewok_fast,50.27
perplexity,competence,2,750,supplement_fast,49.2
perplexity,competence,2,1000,blimp_fast,54.84
perplexity,competence,2,1000,entity_tracking_fast,28.12
perplexity,competence,2,1000,ewok_fast,53.18
perplexity,competence,2,1000,supplement_fast,44.0
perplexity,competence,2,1250,blimp_fast,55.22
perplexity,competence,2,1250,entity_tracking_fast,13.97
perplexity,competence,2,1250,ewok_fast,52.82
perplexity,competence,2,1250,supplement_fast,50.8
perplexity,competence,2,1500,blimp_fast,55.0
perplexity,competence,2,1500,entity_tracking_fast,32.71
perplexity,competence,2,1500,ewok_fast,52.36
perplexity,competence,2,1500,supplement_fast,50.8
perplexity,competence,2,1750,blimp_fast,56.5
perplexity,competence,2,1750,entity_tracking_fast,22.89
perplexity,competence,2,1750,ewok_fast,50.55
perplexity,competence,2,1750,supplement_fast,50.0
perplexity,competence,2,2000,blimp_fast,54.73
perplexity,competence,2,2000,entity_tracking_fast,13.4
perplexity,competence,2,2000,ewok_fast,47.45
perplexity,competence,2,2000,supplement_fast,44.8
perplexity,competence,2,2250,blimp_fast,55.35
perplexity,competence,2,2250,entity_tracking_fast,14.02
perplexity,competence,2,2250,ewok_fast,50.55
perplexity,competence,2,2250,supplement_fast,46.0
perplexity,competence,2,2500,blimp_fast,56.31
perplexity,competence,2,2500,entity_tracking_fast,13.71
perplexity,competence,2,2500,ewok_fast,48.09
perplexity,competence,2,2500,supplement_fast,46.8
perplexity,competence,2,2750,blimp_fast,56.22
perplexity,competence,2,2750,entity_tracking_fast,15.99
perplexity,competence,2,2750,ewok_fast,49.73
perplexity,competence,2,2750,supplement_fast,46.0
perplexity,competence,2,3000,blimp_fast,56.34
perplexity,competence,2,3000,entity_tracking_fast,14.6
perplexity,competence,2,3000,ewok_fast,51.82
perplexity,competence,2,3000,supplement_fast,48.8
perplexity,staged,0,0,blimp_fast,49.9
perplexity,staged,0,0,entity_tracking_fast,42.59
perplexity,staged,0,0,ewok_fast,49.45
perplexity,staged,0,0,supplement_fast,49.2
perplexity,staged,0,250,blimp_fast,53.35
perplexity,staged,0,250,entity_tracking_fast,39.26
perplexity,staged,0,250,ewok_fast,51.82
perplexity,staged,0,250,supplement_fast,46.0
perplexity,staged,0,500,blimp_fast,57.64
perplexity,staged,0,500,entity_tracking_fast,39.53
perplexity,staged,0,500,ewok_fast,50.73
perplexity,staged,0,500,supplement_fast,46.4
perplexity,staged,0,750,blimp_fast,58.03
perplexity,staged,0,750,entity_tracking_fast,35.28
perplexity,staged,0,750,ewok_fast,48.91
perplexity,staged,0,750,supplement_fast,47.2
perplexity,staged,0,1000,blimp_fast,55.19
perplexity,staged,0,1000,entity_tracking_fast,21.97
perplexity,staged,0,1000,ewok_fast,48.27
perplexity,staged,0,1000,supplement_fast,44.8
perplexity,staged,0,1250,blimp_fast,54.57
perplexity,staged,0,1250,entity_tracking_fast,38.54
perplexity,staged,0,1250,ewok_fast,50.45
perplexity,staged,0,1250,supplement_fast,46.0
perplexity,staged,0,1500,blimp_fast,54.06
perplexity,staged,0,1500,entity_tracking_fast,26.51
perplexity,staged,0,1500,ewok_fast,49.82
perplexity,staged,0,1500,supplement_fast,41.6
perplexity,staged,0,1750,blimp_fast,54.05
perplexity,staged,0,1750,entity_tracking_fast,40.05
perplexity,staged,0,1750,ewok_fast,52.91
perplexity,staged,0,1750,supplement_fast,41.6
perplexity,staged,0,2000,blimp_fast,54.43
perplexity,staged,0,2000,entity_tracking_fast,30.93
perplexity,staged,0,2000,ewok_fast,52.36
perplexity,staged,0,2000,supplement_fast,42.4
perplexity,staged,0,2250,blimp_fast,55.72
perplexity,staged,0,2250,entity_tracking_fast,36.35
perplexity,staged,0,2250,ewok_fast,48.27
perplexity,staged,0,2250,supplement_fast,52.0
perplexity,staged,0,2500,blimp_fast,52.75
perplexity,staged,0,2500,entity_tracking_fast,43.39
perplexity,staged,0,2500,ewok_fast,49.91
perplexity,staged,0,2500,supplement_fast,45.2
perplexity,staged,1,0,blimp_fast,50.06
perplexity,staged,1,0,entity_tracking_fast,42.71
perplexity,staged,1,0,ewok_fast,50.91
perplexity,staged,1,0,supplement_fast,47.2
perplexity,staged,1,250,blimp_fast,55.22
perplexity,staged,1,250,entity_tracking_fast,12.98
perplexity,staged,1,250,ewok_fast,50.73
perplexity,staged,1,250,supplement_fast,50.4
perplexity,staged,1,500,blimp_fast,54.78
perplexity,staged,1,500,entity_tracking_fast,13.74
perplexity,staged,1,500,ewok_fast,51.36
perplexity,staged,1,500,supplement_fast,53.2
perplexity,staged,1,750,blimp_fast,53.72
perplexity,staged,1,750,entity_tracking_fast,15.21
perplexity,staged,1,750,ewok_fast,48.91
perplexity,staged,1,750,supplement_fast,49.2
perplexity,staged,1,1000,blimp_fast,52.96
perplexity,staged,1,1000,entity_tracking_fast,32.06
perplexity,staged,1,1000,ewok_fast,49.27
perplexity,staged,1,1000,supplement_fast,49.6
perplexity,staged,1,1250,blimp_fast,52.59
perplexity,staged,1,1250,entity_tracking_fast,28.09
perplexity,staged,1,1250,ewok_fast,48.55
perplexity,staged,1,1250,supplement_fast,49.6
perplexity,staged,1,1500,blimp_fast,53.29
perplexity,staged,1,1500,entity_tracking_fast,14.27
perplexity,staged,1,1500,ewok_fast,51.18
perplexity,staged,1,1500,supplement_fast,51.2
perplexity,staged,1,1750,blimp_fast,54.1
perplexity,staged,1,1750,entity_tracking_fast,12.25
perplexity,staged,1,1750,ewok_fast,50.18
perplexity,staged,1,1750,supplement_fast,49.2
perplexity,staged,1,2000,blimp_fast,53.11
perplexity,staged,1,2000,entity_tracking_fast,14.94
perplexity,staged,1,2000,ewok_fast,51.45
perplexity,staged,1,2000,supplement_fast,48.0
perplexity,staged,1,2250,blimp_fast,53.06
perplexity,staged,1,2250,entity_tracking_fast,13.31
perplexity,staged,1,2250,ewok_fast,52.36
perplexity,staged,1,2250,supplement_fast,51.6
perplexity,staged,1,2500,blimp_fast,54.66
perplexity,staged,1,2500,entity_tracking_fast,13.39
perplexity,staged,1,2500,ewok_fast,49.36
perplexity,staged,1,2500,supplement_fast,48.0
perplexity,staged,2,0,blimp_fast,50.71
perplexity,staged,2,0,entity_tracking_fast,42.15
perplexity,staged,2,0,ewok_fast,51.91
perplexity,staged,2,0,supplement_fast,49.2
perplexity,staged,2,250,blimp_fast,56.03
perplexity,staged,2,250,entity_tracking_fast,35.62
perplexity,staged,2,250,ewok_fast,52.45
perplexity,staged,2,250,supplement_fast,50.8
perplexity,staged,2,500,blimp_fast,55.68
perplexity,staged,2,500,entity_tracking_fast,31.15
perplexity,staged,2,500,ewok_fast,51.36
perplexity,staged,2,500,supplement_fast,47.2
perplexity,staged,2,750,blimp_fast,56.31
perplexity,staged,2,750,entity_tracking_fast,20.27
perplexity,staged,2,750,ewok_fast,51.36
perplexity,staged,2,750,supplement_fast,48.4
perplexity,staged,2,1000,blimp_fast,52.73
perplexity,staged,2,1000,entity_tracking_fast,42.4
perplexity,staged,2,1000,ewok_fast,52.36
perplexity,staged,2,1000,supplement_fast,44.0
perplexity,staged,2,1250,blimp_fast,52.78
perplexity,staged,2,1250,entity_tracking_fast,41.0
perplexity,staged,2,1250,ewok_fast,50.55
perplexity,staged,2,1250,supplement_fast,46.4
perplexity,staged,2,1500,blimp_fast,55.77
perplexity,staged,2,1500,entity_tracking_fast,31.66
perplexity,staged,2,1500,ewok_fast,51.91
perplexity,staged,2,1500,supplement_fast,44.0
perplexity,staged,2,1750,blimp_fast,55.27
perplexity,staged,2,1750,entity_tracking_fast,24.45
perplexity,staged,2,1750,ewok_fast,50.91
perplexity,staged,2,1750,supplement_fast,46.4
perplexity,staged,2,2000,blimp_fast,56.41
perplexity,staged,2,2000,entity_tracking_fast,27.87
perplexity,staged,2,2000,ewok_fast,53.36
perplexity,staged,2,2000,supplement_fast,46.4
perplexity,staged,2,2250,blimp_fast,57.43
perplexity,staged,2,2250,entity_tracking_fast,30.01
perplexity,staged,2,2250,ewok_fast,51.55
perplexity,staged,2,2250,supplement_fast,48.8
perplexity,staged,2,2500,blimp_fast,56.94
perplexity,staged,2,2500,entity_tracking_fast,20.87
perplexity,staged,2,2500,ewok_fast,51.91
perplexity,staged,2,2500,supplement_fast,47.6
random,staged,0,0,blimp_fast,49.9
random,staged,0,0,entity_tracking_fast,42.54
random,staged,0,0,ewok_fast,49.45
random,staged,0,0,supplement_fast,49.2
random,staged,0,250,blimp_fast,55.69
random,staged,0,250,entity_tracking_fast,39.57
random,staged,0,250,ewok_fast,50.45
random,staged,0,250,supplement_fast,46.8
random,staged,0,500,blimp_fast,51.26
random,staged,0,500,entity_tracking_fast,41.31
random,staged,0,500,ewok_fast,49.45
random,staged,0,500,supplement_fast,51.2
random,staged,0,750,blimp_fast,55.57
random,staged,0,750,entity_tracking_fast,41.21
random,staged,0,750,ewok_fast,48.55
random,staged,0,750,supplement_fast,44.4
random,staged,0,1000,blimp_fast,57.67
random,staged,0,1000,entity_tracking_fast,20.83
random,staged,0,1000,ewok_fast,46.27
random,staged,0,1000,supplement_fast,48.4
random,staged,0,1250,blimp_fast,55.65
random,staged,0,1250,entity_tracking_fast,14.23
random,staged,0,1250,ewok_fast,50.18
random,staged,0,1250,supplement_fast,53.6
random,staged,0,1500,blimp_fast,53.29
random,staged,0,1500,entity_tracking_fast,25.95
random,staged,0,1500,ewok_fast,49.91
random,staged,0,1500,supplement_fast,45.2
random,staged,0,1750,blimp_fast,54.28
random,staged,0,1750,entity_tracking_fast,25.73
random,staged,0,1750,ewok_fast,50.18
random,staged,0,1750,supplement_fast,49.6
random,staged,0,2000,blimp_fast,52.57
random,staged,0,2000,entity_tracking_fast,32.27
random,staged,0,2000,ewok_fast,51.36
random,staged,0,2000,supplement_fast,46.8
random,staged,0,2250,blimp_fast,53.06
random,staged,0,2250,entity_tracking_fast,28.86
random,staged,0,2250,ewok_fast,51.27
random,staged,0,2250,supplement_fast,49.2
random,staged,0,2500,blimp_fast,52.6
random,staged,0,2500,entity_tracking_fast,28.73
random,staged,0,2500,ewok_fast,49.55
random,staged,0,2500,supplement_fast,47.2
random,staged,1,0,blimp_fast,50.07
random,staged,1,0,entity_tracking_fast,42.74
random,staged,1,0,ewok_fast,50.91
random,staged,1,0,supplement_fast,47.2
random,staged,1,250,blimp_fast,55.57
random,staged,1,250,entity_tracking_fast,14.7
random,staged,1,250,ewok_fast,49.36
random,staged,1,250,supplement_fast,46.4
random,staged,1,500,blimp_fast,54.87
random,staged,1,500,entity_tracking_fast,15.96
random,staged,1,500,ewok_fast,49.64
random,staged,1,500,supplement_fast,43.6
random,staged,1,750,blimp_fast,53.69
random,staged,1,750,entity_tracking_fast,16.66
random,staged,1,750,ewok_fast,50.64
random,staged,1,750,supplement_fast,42.8
random,staged,1,1000,blimp_fast,53.64
random,staged,1,1000,entity_tracking_fast,20.64
random,staged,1,1000,ewok_fast,51.91
random,staged,1,1000,supplement_fast,41.6
random,staged,1,1250,blimp_fast,54.3
random,staged,1,1250,entity_tracking_fast,13.75
random,staged,1,1250,ewok_fast,47.18
random,staged,1,1250,supplement_fast,48.8
random,staged,1,1500,blimp_fast,53.84
random,staged,1,1500,entity_tracking_fast,17.7
random,staged,1,1500,ewok_fast,49.82
random,staged,1,1500,supplement_fast,48.4
random,staged,1,1750,blimp_fast,52.05
random,staged,1,1750,entity_tracking_fast,14.52
random,staged,1,1750,ewok_fast,50.55
random,staged,1,1750,supplement_fast,45.2
random,staged,1,2000,blimp_fast,53.01
random,staged,1,2000,entity_tracking_fast,14.45
random,staged,1,2000,ewok_fast,51.91
random,staged,1,2000,supplement_fast,42.4
random,staged,1,2250,blimp_fast,52.74
random,staged,1,2250,entity_tracking_fast,14.5
random,staged,1,2250,ewok_fast,52.45
random,staged,1,2250,supplement_fast,45.2
random,staged,1,2500,blimp_fast,52.95
random,staged,1,2500,entity_tracking_fast,17.09
random,staged,1,2500,ewok_fast,49.55
random,staged,1,2500,supplement_fast,45.6
random,staged,2,0,blimp_fast,50.69
random,staged,2,0,entity_tracking_fast,42.18
random,staged,2,0,ewok_fast,51.82
random,staged,2,0,supplement_fast,49.2
random,staged,2,250,blimp_fast,51.52
random,staged,2,250,entity_tracking_fast,24.31
random,staged,2,250,ewok_fast,49.36
random,staged,2,250,supplement_fast,48.0
random,staged,2,500,blimp_fast,57.22
random,staged,2,500,entity_tracking_fast,19.25
random,staged,2,500,ewok_fast,51.27
random,staged,2,500,supplement_fast,51.6
random,staged,2,750,blimp_fast,55.63
random,staged,2,750,entity_tracking_fast,41.6
random,staged,2,750,ewok_fast,49.27
random,staged,2,750,supplement_fast,49.6
random,staged,2,1000,blimp_fast,53.4
random,staged,2,1000,entity_tracking_fast,21.18
random,staged,2,1000,ewok_fast,50.0
random,staged,2,1000,supplement_fast,50.0
random,staged,2,1250,blimp_fast,55.84
random,staged,2,1250,entity_tracking_fast,18.79
random,staged,2,1250,ewok_fast,52.18
random,staged,2,1250,supplement_fast,43.6
random,staged,2,1500,blimp_fast,54.68
random,staged,2,1500,entity_tracking_fast,20.05
random,staged,2,1500,ewok_fast,52.18
random,staged,2,1500,supplement_fast,51.2
random,staged,2,1750,blimp_fast,53.9
random,staged,2,1750,entity_tracking_fast,16.71
random,staged,2,1750,ewok_fast,50.45
random,staged,2,1750,supplement_fast,54.0
random,staged,2,2000,blimp_fast,55.28
random,staged,2,2000,entity_tracking_fast,16.4
random,staged,2,2000,ewok_fast,49.0
random,staged,2,2000,supplement_fast,49.2
random,staged,2,2250,blimp_fast,55.25
random,staged,2,2250,entity_tracking_fast,23.75
random,staged,2,2250,ewok_fast,48.55
random,staged,2,2250,supplement_fast,49.2
random,staged,2,2500,blimp_fast,54.13
random,staged,2,2500,entity_tracking_fast,25.27
random,staged,2,2500,ewok_fast,48.18
random,staged,2,2500,supplement_fast,50.4
readability,competence,0,0,blimp_fast,49.91
readability,competence,0,0,entity_tracking_fast,42.54
readability,competence,0,0,ewok_fast,49.27
readability,competence,0,0,supplement_fast,49.2
readability,competence,0,250,blimp_fast,54.47
readability,competence,0,250,entity_tracking_fast,41.26
readability,competence,0,250,ewok_fast,50.82
readability,competence,0,250,supplement_fast,44.8
readability,competence,0,500,blimp_fast,56.3
readability,competence,0,500,entity_tracking_fast,41.19
readability,competence,0,500,ewok_fast,50.64
readability,competence,0,500,supplement_fast,44.0
readability,competence,0,750,blimp_fast,54.47
readability,competence,0,750,entity_tracking_fast,41.89
readability,competence,0,750,ewok_fast,49.73
readability,competence,0,750,supplement_fast,43.6
readability,competence,0,1000,blimp_fast,54.78
readability,competence,0,1000,entity_tracking_fast,39.82
readability,competence,0,1000,ewok_fast,50.27
readability,competence,0,1000,supplement_fast,52.4
readability,competence,0,1250,blimp_fast,53.13
readability,competence,0,1250,entity_tracking_fast,33.71
readability,competence,0,1250,ewok_fast,50.64
readability,competence,0,1250,supplement_fast,48.8
readability,competence,0,1500,blimp_fast,53.18
readability,competence,0,1500,entity_tracking_fast,17.91
readability,competence,0,1500,ewok_fast,47.91
readability,competence,0,1500,supplement_fast,44.8
readability,competence,0,1750,blimp_fast,55.07
readability,competence,0,1750,entity_tracking_fast,16.16
readability,competence,0,1750,ewok_fast,49.82
readability,competence,0,1750,supplement_fast,46.8
readability,competence,0,2000,blimp_fast,53.62
readability,competence,0,2000,entity_tracking_fast,31.92
readability,competence,0,2000,ewok_fast,49.45
readability,competence,0,2000,supplement_fast,51.6
readability,competence,0,2250,blimp_fast,53.71
readability,competence,0,2250,entity_tracking_fast,17.96
readability,competence,0,2250,ewok_fast,50.36
readability,competence,0,2250,supplement_fast,48.4
readability,competence,1,0,blimp_fast,50.05
readability,competence,1,0,entity_tracking_fast,42.66
readability,competence,1,0,ewok_fast,51.0
readability,competence,1,0,supplement_fast,47.2
readability,competence,1,250,blimp_fast,51.24
readability,competence,1,250,entity_tracking_fast,42.39
readability,competence,1,250,ewok_fast,51.36
readability,competence,1,250,supplement_fast,47.6
readability,competence,1,500,blimp_fast,53.93
readability,competence,1,500,entity_tracking_fast,42.57
readability,competence,1,500,ewok_fast,50.73
readability,competence,1,500,supplement_fast,49.2
readability,competence,1,750,blimp_fast,52.35
readability,competence,1,750,entity_tracking_fast,43.61
readability,competence,1,750,ewok_fast,50.18
readability,competence,1,750,supplement_fast,50.4
readability,competence,1,1000,blimp_fast,52.78
readability,competence,1,1000,entity_tracking_fast,36.79
readability,competence,1,1000,ewok_fast,50.27
readability,competence,1,1000,supplement_fast,46.0
readability,competence,1,1250,blimp_fast,52.81
readability,competence,1,1250,entity_tracking_fast,43.65
readability,competence,1,1250,ewok_fast,52.73
readability,competence,1,1250,supplement_fast,44.8
readability,competence,1,1500,blimp_fast,52.65
readability,competence,1,1500,entity_tracking_fast,42.3
readability,competence,1,1500,ewok_fast,49.27
readability,competence,1,1500,supplement_fast,46.0
readability,competence,1,1750,blimp_fast,50.91
readability,competence,1,1750,entity_tracking_fast,42.4
readability,competence,1,1750,ewok_fast,49.64
readability,competence,1,1750,supplement_fast,48.8
readability,competence,1,2000,blimp_fast,50.64
readability,competence,1,2000,entity_tracking_fast,37.97
readability,competence,1,2000,ewok_fast,50.09
readability,competence,1,2000,supplement_fast,47.6
readability,competence,1,2250,blimp_fast,51.33
readability,competence,1,2250,entity_tracking_fast,41.73
readability,competence,1,2250,ewok_fast,48.18
readability,competence,1,2250,supplement_fast,40.0
readability,competence,2,0,blimp_fast,50.71
readability,competence,2,0,entity_tracking_fast,42.15
readability,competence,2,0,ewok_fast,51.82
readability,competence,2,0,supplement_fast,49.2
readability,competence,2,250,blimp_fast,56.51
readability,competence,2,250,entity_tracking_fast,42.38
readability,competence,2,250,ewok_fast,50.18
readability,competence,2,250,supplement_fast,48.8
readability,competence,2,500,blimp_fast,55.67
readability,competence,2,500,entity_tracking_fast,42.73
readability,competence,2,500,ewok_fast,48.91
readability,competence,2,500,supplement_fast,50.8
readability,competence,2,750,blimp_fast,54.0
readability,competence,2,750,entity_tracking_fast,42.9
readability,competence,2,750,ewok_fast,50.73
readability,competence,2,750,supplement_fast,45.2
readability,competence,2,1000,blimp_fast,52.95
readability,competence,2,1000,entity_tracking_fast,40.04
readability,competence,2,1000,ewok_fast,48.64
readability,competence,2,1000,supplement_fast,44.4
readability,competence,2,1250,blimp_fast,56.14
readability,competence,2,1250,entity_tracking_fast,29.64
readability,competence,2,1250,ewok_fast,49.18
readability,competence,2,1250,supplement_fast,46.4
readability,competence,2,1500,blimp_fast,54.43
readability,competence,2,1500,entity_tracking_fast,17.85
readability,competence,2,1500,ewok_fast,48.09
readability,competence,2,1500,supplement_fast,51.6
readability,competence,2,1750,blimp_fast,54.23
readability,competence,2,1750,entity_tracking_fast,20.98
readability,competence,2,1750,ewok_fast,49.91
readability,competence,2,1750,supplement_fast,51.6
readability,competence,2,2000,blimp_fast,54.2
readability,competence,2,2000,entity_tracking_fast,32.29
readability,competence,2,2000,ewok_fast,49.27
readability,competence,2,2000,supplement_fast,48.4
readability,competence,2,2250,blimp_fast,53.81
readability,competence,2,2250,entity_tracking_fast,26.2
readability,competence,2,2250,ewok_fast,48.64
readability,competence,2,2250,supplement_fast,50.4
readability,staged,0,0,blimp_fast,49.9
readability,staged,0,0,entity_tracking_fast,42.54
readability,staged,0,0,ewok_fast,49.36
readability,staged,0,0,supplement_fast,49.2
readability,staged,0,250,blimp_fast,52.35
readability,staged,0,250,entity_tracking_fast,41.76
readability,staged,0,250,ewok_fast,49.91
readability,staged,0,250,supplement_fast,47.2
readability,staged,0,500,blimp_fast,53.22
readability,staged,0,500,entity_tracking_fast,40.84
readability,staged,0,500,ewok_fast,51.18
readability,staged,0,500,supplement_fast,47.2
readability,staged,0,750,blimp_fast,55.11
readability,staged,0,750,entity_tracking_fast,41.95
readability,staged,0,750,ewok_fast,52.18
readability,staged,0,750,supplement_fast,50.0
readability,staged,0,1000,blimp_fast,54.13
readability,staged,0,1000,entity_tracking_fast,40.79
readability,staged,0,1000,ewok_fast,49.45
readability,staged,0,1000,supplement_fast,49.6
readability,staged,0,1250,blimp_fast,55.9
readability,staged,0,1250,entity_tracking_fast,37.68
readability,staged,0,1250,ewok_fast,52.0
readability,staged,0,1250,supplement_fast,51.2
readability,staged,0,1500,blimp_fast,54.36
readability,staged,0,1500,entity_tracking_fast,29.63
readability,staged,0,1500,ewok_fast,50.64
readability,staged,0,1500,supplement_fast,44.4
readability,staged,0,1750,blimp_fast,53.6
readability,staged,0,1750,entity_tracking_fast,26.29
readability,staged,0,1750,ewok_fast,50.55
readability,staged,0,1750,supplement_fast,47.6
readability,staged,0,2000,blimp_fast,53.47
readability,staged,0,2000,entity_tracking_fast,32.47
readability,staged,0,2000,ewok_fast,51.0
readability,staged,0,2000,supplement_fast,51.2
readability,staged,0,2250,blimp_fast,52.43
readability,staged,0,2250,entity_tracking_fast,25.55
readability,staged,0,2250,ewok_fast,52.36
readability,staged,0,2250,supplement_fast,48.4
readability,staged,0,2500,blimp_fast,53.46
readability,staged,0,2500,entity_tracking_fast,37.63
readability,staged,0,2500,ewok_fast,51.82
readability,staged,0,2500,supplement_fast,47.2
readability,staged,1,0,blimp_fast,50.07
readability,staged,1,0,entity_tracking_fast,42.79
readability,staged,1,0,ewok_fast,50.91
readability,staged,1,0,supplement_fast,47.2
readability,staged,1,250,blimp_fast,51.93
readability,staged,1,250,entity_tracking_fast,42.25
readability,staged,1,250,ewok_fast,48.91
readability,staged,1,250,supplement_fast,49.6
readability,staged,1,500,blimp_fast,53.4
readability,staged,1,500,entity_tracking_fast,30.54
readability,staged,1,500,ewok_fast,50.82
readability,staged,1,500,supplement_fast,48.0
readability,staged,1,750,blimp_fast,54.54
readability,staged,1,750,entity_tracking_fast,42.5
readability,staged,1,750,ewok_fast,50.27
readability,staged,1,750,supplement_fast,50.0
readability,staged,1,1000,blimp_fast,53.68
readability,staged,1,1000,entity_tracking_fast,42.15
readability,staged,1,1000,ewok_fast,48.09
readability,staged,1,1000,supplement_fast,46.8
readability,staged,1,1250,blimp_fast,55.82
readability,staged,1,1250,entity_tracking_fast,32.21
readability,staged,1,1250,ewok_fast,48.27
readability,staged,1,1250,supplement_fast,48.0
readability,staged,1,1500,blimp_fast,55.55
readability,staged,1,1500,entity_tracking_fast,40.22
readability,staged,1,1500,ewok_fast,51.45
readability,staged,1,1500,supplement_fast,43.6
readability,staged,1,1750,blimp_fast,54.22
readability,staged,1,1750,entity_tracking_fast,42.43
readability,staged,1,1750,ewok_fast,50.18
readability,staged,1,1750,supplement_fast,50.0
readability,staged,1,2000,blimp_fast,53.24
readability,staged,1,2000,entity_tracking_fast,42.39
readability,staged,1,2000,ewok_fast,49.45
readability,staged,1,2000,supplement_fast,45.6
readability,staged,1,2250,blimp_fast,53.63
readability,staged,1,2250,entity_tracking_fast,44.36
readability,staged,1,2250,ewok_fast,49.55
readability,staged,1,2250,supplement_fast,45.2
readability,staged,1,2500,blimp_fast,54.01
readability,staged,1,2500,entity_tracking_fast,43.97
readability,staged,1,2500,ewok_fast,50.64
readability,staged,1,2500,supplement_fast,48.0
readability,staged,2,0,blimp_fast,50.7
readability,staged,2,0,entity_tracking_fast,42.12
readability,staged,2,0,ewok_fast,51.82
readability,staged,2,0,supplement_fast,49.2
readability,staged,2,250,blimp_fast,56.3
readability,staged,2,250,entity_tracking_fast,42.58
readability,staged,2,250,ewok_fast,52.36
readability,staged,2,250,supplement_fast,47.2
readability,staged,2,500,blimp_fast,55.69
readability,staged,2,500,entity_tracking_fast,42.99
readability,staged,2,500,ewok_fast,46.55
readability,staged,2,500,supplement_fast,48.8
readability,staged,2,750,blimp_fast,51.43
readability,staged,2,750,entity_tracking_fast,34.53
readability,staged,2,750,ewok_fast,50.64
readability,staged,2,750,supplement_fast,46.8
readability,staged,2,1000,blimp_fast,50.01
readability,staged,2,1000,entity_tracking_fast,14.78
readability,staged,2,1000,ewok_fast,49.55
readability,staged,2,1000,supplement_fast,43.6
readability,staged,2,1250,blimp_fast,51.66
readability,staged,2,1250,entity_tracking_fast,13.52
readability,staged,2,1250,ewok_fast,49.55
readability,staged,2,1250,supplement_fast,44.0
readability,staged,2,1500,blimp_fast,52.29
readability,staged,2,1500,entity_tracking_fast,14.94
readability,staged,2,1500,ewok_fast,48.64
readability,staged,2,1500,supplement_fast,40.4
readability,staged,2,1750,blimp_fast,50.54
readability,staged,2,1750,entity_tracking_fast,16.36
readability,staged,2,1750,ewok_fast,50.91
readability,staged,2,1750,supplement_fast,42.0
readability,staged,2,2000,blimp_fast,52.55
readability,staged,2,2000,entity_tracking_fast,37.52
readability,staged,2,2000,ewok_fast,49.91
readability,staged,2,2000,supplement_fast,51.2
readability,staged,2,2250,blimp_fast,51.45
readability,staged,2,2250,entity_tracking_fast,39.94
readability,staged,2,2250,ewok_fast,50.09
readability,staged,2,2250,supplement_fast,49.6
readability,staged,2,2500,blimp_fast,52.8
readability,staged,2,2500,entity_tracking_fast,38.77
readability,staged,2,2500,ewok_fast,50.55
readability,staged,2,2500,supplement_fast,51.6
